{
  "conv": "conv-26",
  "qe_enabled": true,
  "embed_model": "thenlper/gte-large",
  "n": 199,
  "mean_f1_all": 0.5472346811027345,
  "exact_match_all": 0.35678391959798994,
  "by_category": {
    "1": {
      "n": 32,
      "mean_f1": 0.3618594315863745,
      "exact_match_rate": 0.15625
    },
    "2": {
      "n": 37,
      "mean_f1": 0.5974474474474475,
      "exact_match_rate": 0.2702702702702703
    },
    "3": {
      "n": 13,
      "mean_f1": 0.16441583687365052,
      "exact_match_rate": 0.0
    },
    "4": {
      "n": 70,
      "mean_f1": 0.3725319756252459,
      "exact_match_rate": 0.12857142857142856
    },
    "5": {
      "n": 47,
      "mean_f1": 1.0,
      "exact_match_rate": 1.0
    }
  },
  "wall_seconds": 1188.3031811714172,
  "completed_at": "2026-05-08T22:25:08.330059+00:00",
  "mean_f1_ex5": 0.4072348785489751
}