{
  "conv": "conv-26",
  "qe_enabled": true,
  "embed_model": "all-MiniLM-L6-v2",
  "n": 199,
  "mean_f1_all": 0.5389720512311694,
  "exact_match_all": 0.35175879396984927,
  "by_category": {
    "1": {
      "n": 32,
      "mean_f1": 0.31919286086162496,
      "exact_match_rate": 0.15625
    },
    "2": {
      "n": 37,
      "mean_f1": 0.5954740454740455,
      "exact_match_rate": 0.24324324324324326
    },
    "3": {
      "n": 13,
      "mean_f1": 0.1531859723331295,
      "exact_match_rate": 0.0
    },
    "4": {
      "n": 70,
      "mean_f1": 0.3716758474937189,
      "exact_match_rate": 0.12857142857142856
    },
    "5": {
      "n": 47,
      "mean_f1": 1.0,
      "exact_match_rate": 1.0
    }
  },
  "wall_seconds": 1267.5902659893036,
  "completed_at": "2026-05-08T17:32:35.648749+00:00",
  "mean_f1_ex5": 0.3964173565460703
}