{
  "conv": "conv-41",
  "qe_enabled": true,
  "embed_model": "thenlper/gte-large",
  "n": 193,
  "mean_f1_all": 0.4637146744875209,
  "exact_match_all": 0.23834196891191708,
  "by_category": {
    "1": {
      "n": 31,
      "mean_f1": 0.47154434763477,
      "exact_match_rate": 0.16129032258064516
    },
    "2": {
      "n": 27,
      "mean_f1": 0.4048206937095826,
      "exact_match_rate": 0.1111111111111111
    },
    "3": {
      "n": 8,
      "mean_f1": 0.07076743820695433,
      "exact_match_rate": 0.0
    },
    "4": {
      "n": 86,
      "mean_f1": 0.46956696701859696,
      "exact_match_rate": 0.1744186046511628
    },
    "5": {
      "n": 41,
      "mean_f1": 0.5609756097560976,
      "exact_match_rate": 0.5609756097560976
    }
  },
  "wall_seconds": 1038.0721998214722,
  "completed_at": "2026-05-09T02:13:37.769847+00:00",
  "mean_f1_ex5": 0.4374798169479709
}